DrawDate,Ball 1,Ball 2,Ball 3,Ball 4,Ball 5,Ball 6,Bonus Ball,Ball Set,Machine,DrawNumber
11-Aug-2021,46,36,39,32,37,13,40,8,Lancelot,2675
14-Aug-2021,19,1,39,15,2,43,58,8,Lancelot,2676
18-Aug-2021,10,4,48,50,27,30,54,5,Arthur,2677
21-Aug-2021,27,35,18,28,17,57,51,5,Arthur,2678
25-Aug-2021,15,30,39,52,59,7,38,6,Arthur,2679
28-Aug-2021,24,50,18,34,49,57,41,6,Arthur,2680
01-Sep-2021,19,28,3,41,33,43,57,7,Merlin,2681
04-Sep-2021,21,14,39,41,36,1,34,7,Merlin,2682
08-Sep-2021,13,56,3,14,4,38,52,8,Merlin,2683
11-Sep-2021,13,52,2,54,42,38,39,8,Merlin,2684
15-Sep-2021,25,20,24,37,34,27,50,9,Arthur,2685
18-Sep-2021,53,32,44,45,52,19,12,9,Arthur,2686
22-Sep-2021,21,40,44,13,52,33,9,10,Arthur,2687
25-Sep-2021,31,13,56,36,15,32,53,10,Arthur,2688
29-Sep-2021,17,52,45,15,27,40,28,11,Merlin,2689
02-Oct-2021,32,35,36,51,37,40,43,11,Merlin,2690
06-Oct-2021,51,16,1,9,30,27,34,9,Merlin,2691
09-Oct-2021,52,30,9,48,51,6,55,9,Merlin,2692
13-Oct-2021,4,12,56,38,8,15,30,10,Arthur,2693
16-Oct-2021,24,21,58,18,37,4,22,10,Arthur,2694
20-Oct-2021,43,37,29,23,27,47,11,11,Arthur,2695
23-Oct-2021,27,21,28,4,13,37,19,11,Arthur,2696
27-Oct-2021,22,8,47,39,20,48,16,9,Merlin,2697
30-Oct-2021,18,51,56,59,7,47,17,9,Merlin,2698
03-Nov-2021,47,48,6,39,31,58,8,10,Merlin,2699
06-Nov-2021,21,7,29,39,34,3,19,10,Merlin,2700
10-Nov-2021,18,37,11,20,49,10,5,11,Arthur,2701
13-Nov-2021,43,14,28,52,13,16,56,11,Arthur,2702
17-Nov-2021,13,55,35,34,24,49,53,1,Arthur,2703
20-Nov-2021,32,59,17,16,51,5,53,1,Arthur,2704
24-Nov-2021,42,11,39,19,17,4,59,2,Merlin,2705
27-Nov-2021,15,48,16,1,24,17,9,2,Merlin,2706
01-Dec-2021,4,37,42,7,50,8,36,3,Merlin,2707
04-Dec-2021,24,46,33,32,8,25,47,3,Merlin,2708
08-Dec-2021,12,52,31,30,34,58,56,1,Arthur,2709
11-Dec-2021,15,31,33,13,6,14,38,5,Arthur,2710
15-Dec-2021,28,17,15,45,30,2,54,6,Arthur,2711
18-Dec-2021,51,45,27,12,23,54,59,6,Arthur,2712
22-Dec-2021,20,52,13,45,14,6,54,7,Merlin,2713
25-Dec-2021,42,26,15,30,59,24,18,7,Merlin,2714
29-Dec-2021,57,28,52,3,42,17,58,8,Merlin,2715
01-Jan-2022,41,43,29,56,14,31,42,8,Merlin,2716
05-Jan-2022,21,57,28,3,56,5,14,5,Arthur,2717
08-Jan-2022,36,46,33,21,43,28,27,5,Arthur,2718
12-Jan-2022,59,56,21,39,8,37,32,6,Arthur,2719
15-Jan-2022,25,39,13,31,14,37,4,6,Arthur,2720
19-Jan-2022,50,57,41,13,56,3,58,7,Merlin,2721
22-Jan-2022,25,59,46,20,35,1,28,7,Merlin,2722
26-Jan-2022,53,26,57,36,5,58,2,8,Merlin,2723
29-Jan-2022,50,12,41,4,47,35,46,8,Merlin,2724
02-Feb-2022,48,59,29,50,22,6,3,5,Guinevere,2725
05-Feb-2022,36,24,8,39,46,56,48,5,Guinevere,2726
09-Feb-2022,17,57,43,12,53,16,29,6,Guinevere,2727
12-Feb-2022,28,16,58,26,9,47,49,6,Guinevere,2728
16-Feb-2022,31,27,21,53,59,50,24,7,Lancelot,2729
19-Feb-2022,56,44,33,50,34,57,26,7,Lancelot,2730
23-Feb-2022,22,26,37,33,27,4,20,9,Lancelot,2731
26-Feb-2022,52,8,5,33,47,37,20,9,Lancelot,2732
02-Mar-2022,58,55,43,48,49,52,32,10,Guinevere,2733
05-Mar-2022,51,33,10,29,42,21,48,10,Guinevere,2734
09-Mar-2022,10,3,38,26,47,41,45,11,Guinevere,2735
12-Mar-2022,39,23,44,13,7,21,16,11,Guinevere,2736
16-Mar-2022,28,33,14,23,20,54,12,9,Lancelot,2737
19-Mar-2022,51,20,50,34,33,24,7,9,Lancelot,2738
23-Mar-2022,52,15,53,46,3,14,50,10,Lancelot,2739
26-Mar-2022,13,27,53,35,46,18,40,10,Lancelot,2740
30-Mar-2022,17,44,58,12,11,14,29,11,Guinevere,2741
02-Apr-2022,22,57,27,52,30,24,20,11,Guinevere,2742
06-Apr-2022,23,3,49,30,17,24,59,9,Guinevere,2743
09-Apr-2022,18,59,44,11,10,29,17,9,Guinevere,2744
13-Apr-2022,53,40,1,10,7,30,2,10,Lancelot,2745
16-Apr-2022,6,4,55,58,2,35,44,10,Lancelot,2746
20-Apr-2022,5,53,24,47,8,50,31,11,Lancelot,2747
23-Apr-2022,7,10,56,31,48,24,15,11,Lancelot,2748
27-Apr-2022,57,38,22,10,56,35,46,1,Guinevere,2749
30-Apr-2022,15,19,41,26,51,57,52,1,Guinevere,2750
04-May-2022,57,10,55,50,29,6,5,2,Guinevere,2751
07-May-2022,5,3,15,6,41,45,39,2,Guinevere,2752
11-May-2022,39,51,21,44,37,34,26,3,Lancelot,2753
14-May-2022,15,21,12,50,39,24,35,3,Lancelot,2754
18-May-2022,18,20,38,40,51,42,45,4,Lancelot,2755
21-May-2022,51,48,57,12,37,25,8,4,Lancelot,2756
25-May-2022,45,31,49,30,37,56,51,1,Guinevere,2757
28-May-2022,24,57,16,34,44,5,20,1,Guinevere,2758
01-Jun-2022,32,4,30,38,1,6,18,2,Arthur,2759
04-Jun-2022,46,59,41,52,19,9,24,2,Arthur,2760
08-Jun-2022,25,53,58,11,23,38,52,3,Arthur,2761
11-Jun-2022,32,21,59,52,34,20,1,3,Arthur,2762
15-Jun-2022,53,3,41,37,38,26,36,4,Merlin,2763
18-Jun-2022,14,39,11,59,42,36,21,4,Merlin,2764
22-Jun-2022,54,21,40,48,36,46,38,1,Merlin,2765
25-Jun-2022,43,13,31,52,23,25,6,1,Merlin,2766
29-Jun-2022,26,3,17,21,46,59,39,2,Arthur,2767
02-Jul-2022,53,48,33,9,43,23,1,2,Arthur,2768
06-Jul-2022,44,25,9,54,36,41,48,3,Arthur,2769
09-Jul-2022,40,12,15,6,48,24,45,3,Arthur,2770
13-Jul-2022,12,59,39,13,42,19,10,4,Merlin,2771
16-Jul-2022,58,32,2,19,12,54,23,4,Merlin,2772
20-Jul-2022,36,33,12,32,14,17,9,5,Merlin,2773
23-Jul-2022,34,10,41,2,54,13,26,5,Merlin,2774
27-Jul-2022,14,37,39,38,1,11,54,6,Arthur,2775
30-Jul-2022,33,7,17,16,19,57,12,6,Arthur,2776
03-Aug-2022,25,53,29,5,28,58,15,7,Arthur,2777
06-Aug-2022,45,41,44,31,15,14,20,7,Arthur,2778
10-Aug-2022,24,52,6,40,47,21,30,8,Merlin,2779
13-Aug-2022,50,49,15,42,22,54,59,8,Merlin,2780
17-Aug-2022,26,37,48,45,20,30,33,5,Merlin,2781
20-Aug-2022,3,59,35,9,6,5,38,5,Merlin,2782
24-Aug-2022,25,35,32,10,39,14,42,6,Arthur,2783
27-Aug-2022,20,7,10,24,30,38,19,6,Arthur,2784
31-Aug-2022,13,49,21,54,16,30,8,7,Arthur,2785
03-Sep-2022,25,43,9,52,42,46,6,7,Arthur,2786
07-Sep-2022,58,27,34,20,42,3,48,8,Merlin,2787
10-Sep-2022,7,29,42,6,31,2,9,8,Merlin,2788
14-Sep-2022,55,38,46,25,45,57,16,5,Merlin,2789
17-Sep-2022,25,22,55,45,28,11,15,5,Merlin,2790
21-Sep-2022,34,28,6,45,13,37,24,6,Arthur,2791
24-Sep-2022,18,50,14,22,39,15,51,7,Arthur,2792
28-Sep-2022,3,15,58,48,20,57,9,7,Arthur,2793
01-Oct-2022,4,9,44,58,1,40,21,7,Arthur,2794
05-Oct-2022,23,51,54,31,48,36,38,8,Merlin,2795
08-Oct-2022,6,32,12,26,46,8,51,8,Merlin,2796
12-Oct-2022,24,47,21,20,39,26,37,9,Merlin,2797
15-Oct-2022,55,25,11,18,36,13,39,9,Merlin,2798
19-Oct-2022,2,59,45,50,18,13,14,10,Arthur,2799
22-Oct-2022,58,33,59,42,56,11,34,10,Arthur,2800
26-Oct-2022,46,20,13,7,21,53,49,11,Arthur,2801
29-Oct-2022,58,37,15,39,7,26,41,11,Arthur,2802
02-Nov-2022,40,41,18,4,44,46,54,9,Merlin,2803
05-Nov-2022,31,2,13,27,38,41,34,9,Merlin,2804
09-Nov-2022,1,31,29,5,44,58,8,10,Merlin,2805
12-Nov-2022,4,37,22,48,44,11,39,10,Merlin,2806
16-Nov-2022,53,30,27,1,39,18,58,11,Arthur,2807
19-Nov-2022,30,17,39,49,5,20,59,11,Arthur,2808
23-Nov-2022,42,43,5,16,58,29,37,9,Arthur,2809
26-Nov-2022,52,50,17,5,3,1,11,9,Arthur,2810
30-Nov-2022,47,50,13,20,17,49,11,10,Merlin,2811
03-Dec-2022,19,38,14,16,13,11,23,10,Merlin,2812
07-Dec-2022,45,37,9,51,33,21,55,11,Merlin,2813
10-Dec-2022,14,34,23,51,19,17,54,11,Merlin,2814
14-Dec-2022,39,41,44,49,50,16,6,1,Guinevere,2815
17-Dec-2022,49,38,56,15,39,22,32,1,Guinevere,2816
21-Dec-2022,38,19,53,54,34,5,31,2,Guinevere,2817
24-Dec-2022,59,8,1,46,14,49,19,2,Guinevere,2818
28-Dec-2022,5,31,57,48,27,19,30,3,Lancelot,2819
31-Dec-2022,34,57,27,58,56,47,19,3,Lancelot,2820
04-Jan-2023,58,9,42,1,4,32,26,4,Lancelot,2821
07-Jan-2023,11,6,45,33,57,7,18,4,Lancelot,2822
11-Jan-2023,4,56,54,19,46,22,21,1,Guinevere,2823
14-Jan-2023,47,54,37,39,9,33,24,1,Guinevere,2824
18-Jan-2023,44,37,23,11,36,26,53,2,Guinevere,2825
21-Jan-2023,30,57,9,21,7,14,18,2,Guinevere,2826
25-Jan-2023,23,4,50,7,19,58,8,3,Lancelot,2827
28-Jan-2023,20,5,30,8,23,50,25,3,Lancelot,2828
01-Feb-2023,59,16,53,31,28,29,34,4,Lancelot,2829
04-Feb-2023,27,2,23,31,5,58,56,4,Lancelot,2830
08-Feb-2023,53,42,28,33,26,13,55,1,Guinevere,2831
11-Feb-2023,46,5,57,47,37,3,50,1,Guinevere,2832
15-Feb-2023,50,10,56,42,34,20,14,2,Guinevere,2833
18-Feb-2023,35,49,9,52,58,53,29,2,Guinevere,2834
22-Feb-2023,11,34,39,13,23,15,9,3,Lancelot,2835
25-Feb-2023,32,31,53,45,22,50,35,3,Lancelot,2836
01-Mar-2023,39,48,36,5,49,28,35,4,Lancelot,2837
04-Mar-2023,33,16,30,24,44,6,7,4,Lancelot,2838
08-Mar-2023,41,49,29,59,57,5,22,5,Guinevere,2839
11-Mar-2023,27,41,28,50,1,19,49,5,Guinevere,2840
15-Mar-2023,43,2,24,37,12,39,36,6,Guinevere,2841
18-Mar-2023,54,46,59,13,22,39,58,6,Guinevere,2842
22-Mar-2023,27,42,33,5,37,58,10,7,Lancelot,2843
25-Mar-2023,11,43,30,40,13,44,28,7,Lancelot,2844
29-Mar-2023,32,42,27,52,10,24,37,8,Lancelot,2845
01-Apr-2023,3,43,40,13,7,47,49,8,Lancelot,2846
05-Apr-2023,29,4,39,52,30,18,46,5,Guinevere,2847
08-Apr-2023,19,4,24,20,12,42,17,5,Guinevere,2848
12-Apr-2023,29,39,16,51,12,45,5,6,Guinevere,2849
15-Apr-2023,17,58,21,35,3,13,29,6,Guinevere,2850
19-Apr-2023,22,7,58,25,47,54,37,7,Lancelot,2851
22-Apr-2023,35,22,29,51,8,31,46,7,Lancelot,2852
26-Apr-2023,26,29,57,27,19,53,17,8,Lancelot,2853
29-Apr-2023,56,12,41,35,44,31,59,8,Lancelot,2854
03-May-2023,28,12,42,37,33,49,25,5,Guinevere,2855
06-May-2023,33,36,55,54,3,23,7,5,Guinevere,2856
10-May-2023,9,57,45,22,15,52,12,6,Guinevere,2857
13-May-2023,13,58,32,42,2,54,28,6,Guinevere,2858
17-May-2023,1,51,2,9,4,50,17,7,Lancelot,2859
20-May-2023,7,36,44,34,24,51,20,7,Lancelot,2860
24-May-2023,4,14,3,13,36,10,18,8,Lancelot,2861
27-May-2023,22,5,42,37,49,14,54,8,Lancelot,2862
31-May-2023,41,33,24,19,28,54,48,5,Guinevere,2863
03-Jun-2023,22,4,59,20,15,13,17,9,Merlin,2864
07-Jun-2023,4,56,3,55,35,12,50,10,Merlin,2865
10-Jun-2023,39,29,36,13,56,44,3,10,Merlin,2866
14-Jun-2023,56,47,23,16,21,2,3,11,Arthur,2867
17-Jun-2023,46,13,32,11,28,47,21,11,Arthur,2868
21-Jun-2023,7,15,8,4,3,1,54,9,Arthur,2869
24-Jun-2023,22,17,39,36,53,18,31,9,Arthur,2870
28-Jun-2023,31,32,33,40,56,59,20,10,Merlin,2871
01-Jul-2023,1,35,12,22,20,24,34,10,Merlin,2872
05-Jul-2023,44,47,10,16,38,15,12,11,Merlin,2873
08-Jul-2023,59,23,6,18,15,24,14,11,Merlin,2874
12-Jul-2023,57,50,3,30,52,44,45,9,Arthur,2875
15-Jul-2023,46,10,11,58,37,45,30,9,Arthur,2876
19-Jul-2023,47,41,34,30,39,12,40,10,Arthur,2877
22-Jul-2023,14,11,46,35,41,20,2,10,Arthur,2878
26-Jul-2023,10,19,27,29,12,50,33,11,Merlin,2879
29-Jul-2023,20,56,37,8,21,33,25,11,Merlin,2880
02-Aug-2023,21,23,49,5,10,35,16,2,Merlin,2881
05-Aug-2023,22,5,38,50,28,58,2,2,Merlin,2882
09-Aug-2023,34,16,10,29,48,24,54,3,Arthur,2883
12-Aug-2023,39,17,25,24,21,14,44,3,Arthur,2884
16-Aug-2023,8,51,10,43,32,59,26,4,Arthur,2885
19-Aug-2023,31,28,7,37,17,2,8,4,Arthur,2886
23-Aug-2023,23,16,57,32,13,37,15,1,Merlin,2887
26-Aug-2023,13,42,12,41,50,45,43,1,Merlin,2888
30-Aug-2023,19,59,20,48,25,11,41,2,Merlin,2889
02-Sep-2023,9,46,55,11,49,53,16,2,Merlin,2890
06-Sep-2023,53,12,22,54,38,3,28,3,Arthur,2891
09-Sep-2023,43,39,59,49,15,20,56,3,Arthur,2892
13-Sep-2023,7,23,42,29,31,10,6,4,Arthur,2893
16-Sep-2023,31,17,7,22,24,59,50,4,Arthur,2894
20-Sep-2023,52,9,42,37,18,34,50,1,Merlin,2895
23-Sep-2023,34,58,12,37,41,55,13,1,Merlin,2896
27-Sep-2023,31,11,8,20,44,10,28,2,Merlin,2897
30-Sep-2023,40,14,8,24,1,20,52,2,Merlin,2898
04-Oct-2023,55,42,53,3,8,37,46,3,Arthur,2899
07-Oct-2023,20,47,10,22,16,52,26,3,Arthur,2900
11-Oct-2023,18,25,3,15,23,8,58,4,Arthur,2901
14-Oct-2023,31,4,28,27,51,57,48,4,Arthur,2902
18-Oct-2023,8,48,6,34,20,7,38,5,Merlin,2903
21-Oct-2023,15,37,14,43,54,26,6,5,Merlin,2904
25-Oct-2023,47,16,33,20,41,59,21,6,Merlin,2905
28-Oct-2023,42,50,25,28,37,38,6,6,Merlin,2906
01-Nov-2023,37,36,15,43,42,9,50,7,Arthur,2907
04-Nov-2023,37,39,20,57,52,54,43,7,Arthur,2908
08-Nov-2023,7,46,17,12,53,1,24,8,Arthur,2909
11-Nov-2023,28,26,34,42,12,41,32,8,Arthur,2910
15-Nov-2023,40,55,6,16,7,33,4,5,Arthur,2911
18-Nov-2023,32,47,23,22,11,3,56,5,Arthur,2912
22-Nov-2023,49,14,55,26,56,9,28,6,Arthur,2913
25-Nov-2023,9,5,46,31,34,48,49,6,Arthur,2914
29-Nov-2023,35,49,19,42,38,31,13,7,Arthur,2915
02-Dec-2023,26,33,2,4,11,23,40,7,Arthur,2916
06-Dec-2023,2,55,3,43,6,22,47,8,Arthur,2917
09-Dec-2023,15,33,59,27,44,46,30,8,Arthur,2918
13-Dec-2023,48,34,28,43,31,10,57,5,Lancelot,2919
16-Dec-2023,4,30,23,50,12,56,8,5,Lancelot,2920
20-Dec-2023,11,46,4,8,53,50,16,6,Lancelot,2921
23-Dec-2023,40,56,31,29,17,47,44,6,Lancelot,2922
27-Dec-2023,23,2,24,29,33,36,42,7,Guinevere,2923
30-Dec-2023,49,26,29,15,37,53,38,7,Guinevere,2924
03-Jan-2024,19,1,38,5,59,27,55,8,Guinevere,2925
06-Jan-2024,23,2,54,43,53,38,41,8,Guinevere,2926
10-Jan-2024,53,5,25,1,15,45,2,9,Lancelot,2927
13-Jan-2024,22,46,8,48,44,27,7,9,Lancelot,2928
17-Jan-2024,48,30,28,10,44,24,35,10,Lancelot,2929
20-Jan-2024,29,49,20,14,7,38,42,10,Lancelot,2930
24-Jan-2024,22,49,57,6,27,46,17,11,Guinevere,2931
27-Jan-2024,22,18,34,47,58,20,16,11,Guinevere,2932
31-Jan-2024,22,54,11,5,10,27,55,9,Guinevere,2933
03-Feb-2024,29,25,8,50,19,28,46,9,Guinevere,2934
07-Feb-2024,40,1,51,2,17,33,42,10,Lancelot,2935
10-Feb-2024,19,53,24,29,4,43,34,10,Lancelot,2936
14-Feb-2024,32,45,54,36,11,9,24,11,Lancelot,2937
17-Feb-2024,19,42,41,5,39,28,43,11,Lancelot,2938
21-Feb-2024,50,27,58,25,32,54,55,9,Guinevere,2939
24-Feb-2024,56,4,20,36,3,11,28,9,Guinevere,2940
28-Feb-2024,50,44,45,39,12,21,51,10,Guinevere,2941
02-Mar-2024,48,2,59,40,20,34,6,10,Guinevere,2942
06-Mar-2024,58,32,11,37,48,7,28,11,Lancelot,2943
09-Mar-2024,53,17,33,15,14,55,43,11,Lancelot,2944
13-Mar-2024,35,34,26,37,24,28,48,9,Lancelot,2945
16-Mar-2024,44,11,45,35,18,16,51,9,Lancelot,2946
20-Mar-2024,10,25,29,14,8,35,32,10,Guinevere,2947
23-Mar-2024,7,50,43,41,45,15,28,10,Guinevere,2948
27-Mar-2024,1,27,3,48,42,22,9,11,Guinevere,2949
30-Mar-2024,16,15,19,37,49,51,17,11,Lancelot,2950
03-Apr-2024,3,41,48,38,46,32,40,1,Lancelot,2951
06-Apr-2024,14,10,29,20,12,17,33,1,Lancelot,2952
10-Apr-2024,56,9,24,19,39,31,55,2,Lancelot,2953
13-Apr-2024,45,48,31,17,26,33,47,2,Lancelot,2954
17-Apr-2024,31,11,28,26,35,39,40,3,Guinevere,2955
20-Apr-2024,54,29,52,26,5,43,32,3,Guinevere,2956
24-Apr-2024,14,59,56,53,8,18,40,4,Guinevere,2957
27-Apr-2024,57,2,18,25,15,58,53,4,Guinevere,2958
01-May-2024,22,13,53,44,16,21,36,1,Lancelot,2959
04-May-2024,16,2,7,59,31,54,10,1,Lancelot,2960
08-May-2024,38,4,52,34,13,43,36,2,Lancelot,2961
11-May-2024,34,12,13,50,51,14,22,2,Lancelot,2962
15-May-2024,17,11,52,53,47,25,37,3,Guinevere,2963
18-May-2024,13,48,9,45,46,22,29,3,Guinevere,2964
22-May-2024,35,31,43,7,6,25,12,4,Guinevere,2965
25-May-2024,28,58,6,40,53,30,13,4,Guinevere,2966
29-May-2024,8,1,22,56,25,16,4,1,Lancelot,2967
01-Jun-2024,16,11,6,21,43,50,9,1,Lancelot,2968
05-Jun-2024,13,9,1,58,21,33,28,2,Arthur,2969
08-Jun-2024,41,23,7,24,10,3,59,2,Arthur,2970
12-Jun-2024,59,40,13,42,41,51,5,3,Arthur,2971
15-Jun-2024,9,1,25,39,29,34,22,3,Arthur,2972
19-Jun-2024,52,7,3,13,15,21,23,4,Merlin,2973
22-Jun-2024,9,58,32,5,44,18,34,4,Merlin,2974
26-Jun-2024,27,36,37,8,34,56,54,5,Merlin,2975
29-Jun-2024,19,7,25,29,31,11,6,5,Merlin,2976
03-Jul-2024,42,46,8,50,1,58,51,6,Arthur,2977
06-Jul-2024,37,47,59,18,24,11,13,6,Arthur,2978
10-Jul-2024,19,48,26,13,9,8,54,7,Arthur,2979
13-Jul-2024,49,37,27,22,38,51,59,7,Arthur,2980
17-Jul-2024,49,44,7,45,32,2,39,5,Merlin,2981
20-Jul-2024,41,19,58,22,55,9,44,5,Merlin,2982
24-Jul-2024,34,31,17,3,29,23,46,6,Merlin,2983
27-Jul-2024,25,33,40,27,3,45,58,6,Merlin,2984
31-Jul-2024,16,33,21,52,58,12,37,7,Arthur,2985
03-Aug-2024,20,28,26,6,19,45,7,7,Arthur,2986
07-Aug-2024,49,56,42,22,10,11,58,8,Arthur,2987
10-Aug-2024,48,2,59,25,42,40,12,8,Arthur,2988
14-Aug-2024,36,15,30,45,7,48,27,5,Merlin,2989
17-Aug-2024,3,52,10,18,6,59,49,5,Merlin,2990
21-Aug-2024,42,9,23,57,37,53,58,6,Merlin,2991
24-Aug-2024,17,43,4,30,39,34,45,6,Merlin,2992
28-Aug-2024,10,25,49,29,53,4,30,7,Arthur,2993
31-Aug-2024,3,2,29,48,52,45,54,7,Arthur,2994
04-Sep-2024,41,3,29,6,15,25,17,8,Arthur,2995
07-Sep-2024,38,37,33,13,32,50,2,8,Arthur,2996
11-Sep-2024,10,23,53,41,57,3,28,8,Merlin,2997
14-Sep-2024,55,49,38,27,21,47,54,8,Merlin,2998
18-Sep-2024,20,57,51,33,7,50,44,9,Merlin,2999
21-Sep-2024,26,48,5,49,57,17,56,9,Merlin,3000
25-Sep-2024,4,57,3,55,1,14,2,10,Arthur,3001
28-Sep-2024,54,39,38,23,18,36,12,10,Arthur,3002
02-Oct-2024,20,59,21,6,4,5,2,11,Arthur,3003
05-Oct-2024,13,12,44,20,8,49,19,11,Arthur,3004
09-Oct-2024,4,55,20,41,56,7,48,9,Merlin,3005
12-Oct-2024,11,2,13,39,17,41,37,9,Merlin,3006
16-Oct-2024,11,29,41,42,48,9,43,10,Merlin,3007
19-Oct-2024,43,54,47,48,22,44,25,10,Merlin,3008
23-Oct-2024,23,27,45,51,9,6,47,11,Arthur,3009
26-Oct-2024,30,47,41,44,16,9,13,11,Arthur,3010
30-Oct-2024,41,57,27,36,54,43,7,9,Arthur,3011
02-Nov-2024,16,50,11,35,12,19,34,9,Arthur,3012
06-Nov-2024,6,19,3,14,35,32,17,10,Merlin,3013
09-Nov-2024,44,36,56,43,50,33,18,10,Merlin,3014
13-Nov-2024,11,41,28,12,29,54,17,11,Merlin,3015
16-Nov-2024,16,12,59,31,38,58,41,11,Merlin,3016
20-Nov-2024,33,7,2,37,56,27,30,11,Arthur,3017
23-Nov-2024,33,8,44,3,13,39,56,11,Arthur,3018
27-Nov-2024,59,38,31,15,42,35,6,9,Arthur,3019
30-Nov-2024,14,38,24,19,22,21,17,9,Arthur,3020
04-Dec-2024,35,39,25,12,19,37,3,10,Merlin,3021
07-Dec-2024,12,9,35,42,26,14,18,10,Guinevere,3022
11-Dec-2024,52,49,35,2,36,32,19,1,Guinevere,3023
14-Dec-2024,12,19,17,11,1,54,3,1,Guinevere,3024
18-Dec-2024,18,28,39,20,58,52,38,2,Lancelot,3025
21-Dec-2024,16,4,54,10,3,40,8,2,Lancelot,3026
25-Dec-2024,47,35,17,9,51,15,31,3,Lancelot,3027
28-Dec-2024,16,34,53,54,28,40,55,3,Lancelot,3028
01-Jan-2025,42,35,54,18,38,31,41,4,Guinevere,3029
04-Jan-2025,19,35,22,24,27,16,28,4,Guinevere,3030
08-Jan-2025,17,46,20,7,24,27,21,1,Guinevere,3031
11-Jan-2025,12,28,10,6,29,2,57,1,Guinevere,3032
05-Feb-2025,34,27,54,26,51,41,52,1,Guinevere,3039
08-Feb-2025,6,47,36,28,52,45,51,1,Guinevere,3040
12-Feb-2025,33,56,8,34,59,50,17,2,Lancelot,3041
15-Feb-2025,52,17,31,46,57,39,1,2,Lancelot,3042
19-Feb-2025,7,40,39,43,5,37,8,3,Lancelot,3043
22-Feb-2025,7,33,3,9,29,51,5,3,Lancelot,3044
26-Feb-2025,4,1,10,40,26,31,24,4,Guinevere,3045
01-Mar-2025,6,14,19,41,11,43,53,4,Guinevere,3046
05-Mar-2025,44,43,8,30,19,18,58,5,Guinevere,3047
08-Mar-2025,44,29,1,42,19,33,21,5,Guinevere,3048
12-Mar-2025,4,52,42,38,56,58,44,6,Lancelot,3049
15-Mar-2025,5,31,6,33,20,4,28,6,Lancelot,3050
19-Mar-2025,35,6,15,27,43,41,28,7,Lancelot,3051
22-Mar-2025,10,54,38,55,11,34,26,7,Lancelot,3052
26-Mar-2025,18,22,17,34,53,58,14,8,Guinevere,3053
29-Mar-2025,1,7,35,57,17,43,19,8,Guinevere,3054
02-Apr-2025,40,43,36,30,5,41,53,5,Guinevere,3055
05-Apr-2025,33,59,57,53,10,26,18,5,Guinevere,3056
09-Apr-2025,12,46,14,28,31,33,43,6,Lancelot,3057
12-Apr-2025,4,55,12,10,22,53,31,6,Lancelot,3058
16-Apr-2025,48,57,39,27,36,59,45,7,Lancelot,3059
19-Apr-2025,13,11,1,37,2,30,33,7,Lancelot,3060
23-Apr-2025,42,1,37,24,28,26,44,8,Guinevere,3061
26-Apr-2025,32,36,59,7,8,11,21,8,Guinevere,3062
30-Apr-2025,16,40,42,28,23,55,44,5,Guinevere,3063
03-May-2025,18,23,41,17,38,47,9,5,Guinevere,3064
07-May-2025,12,24,21,3,45,41,20,6,Lancelot,3065
10-May-2025,27,13,36,14,33,15,18,6,Lancelot,3066
14-May-2025,14,34,2,52,48,37,29,7,Lancelot,3067
17-May-2025,34,24,18,51,47,35,26,7,Lancelot,3068
21-May-2025,16,36,20,30,5,6,2,8,Guinevere,3069
24-May-2025,9,13,12,26,38,40,4,8,Guinevere,3070
28-May-2025,8,31,28,49,55,33,13,5,Guinevere,3071
31-May-2025,20,33,12,11,16,8,52,9,Guinevere,3072
04-Jun-2025,9,45,32,2,19,57,31,10,Lancelot,3073
07-Jun-2025,27,11,30,46,39,17,56,10,Lancelot,3074
11-Jun-2025,47,53,35,13,42,8,39,9,Lancelot,3075
14-Jun-2025,42,36,48,59,8,20,46,9,Lancelot,3076
18-Jun-2025,44,8,15,49,31,38,59,10,Guinevere,3077
21-Jun-2025,58,31,13,12,10,6,15,10,Guinevere,3078
25-Jun-2025,21,54,14,49,16,42,41,9,Guinevere,3079
28-Jun-2025,17,40,22,47,38,16,4,9,Guinevere,3080
02-Jul-2025,34,51,54,55,11,4,57,10,Lancelot,3081
05-Jul-2025,45,37,43,9,18,12,15,10,Lancelot,3082
09-Jul-2025,51,12,15,25,58,6,57,1,Lotto 2,3083
12-Jul-2025,41,11,25,4,51,17,14,1,Lotto 2,3084
16-Jul-2025,6,47,55,12,9,15,56,2,Lotto 2,3085
19-Jul-2025,25,46,5,7,29,40,15,2,Lotto 2,3086
23-Jul-2025,48,3,11,21,16,9,22,1,Lotto 2,3087
26-Jul-2025,28,42,24,57,23,9,18,1,Lotto 2,3088
30-Jul-2025,37,3,21,5,18,7,38,4,Lotto 2,3089
02-Aug-2025,33,1,5,10,30,50,56,4,Lotto 2,3090
06-Aug-2025,5,9,17,31,47,58,35,3,Lotto 2,3091
09-Aug-2025,2,27,29,38,44,51,23,3,Lotto 2,3092
13-Aug-2025,1,16,27,41,50,55,54,2,Lotto 2,3093
16-Aug-2025,1,11,15,19,45,48,37,2,Lotto 2,3094
20-Aug-2025,1,9,10,32,44,55,49,3,Lotto 2,3095
23-Aug-2025,7,30,38,42,54,59,5,3,Lotto 2,3096
27-Aug-2025,5,25,43,45,47,55,58,4,Lotto 2,3097
30-Aug-2025,6,10,19,20,43,59,16,4,Lotto 2,3098
03-Sep-2025,7,15,18,22,31,54,28,1,Lotto 2,3099
06-Sep-2025,10,22,37,40,45,57,24,1,Lotto 2,3100
10-Sep-2025,1,9,18,27,38,42,13,2,Lotto 2,3101
13-Sep-2025,1,26,36,49,53,54,10,2,Lotto 2,3102
17-Sep-2025,7,9,18,24,30,36,42,3,Lotto 2,3103
20-Sep-2025,13,16,30,36,53,59,22,3,Lotto 2,3104
24-Sep-2025,3,16,23,30,38,47,25,L4,Lotto2,3105
27-Sep-2025,15,23,24,28,37,41,59,L4,Lotto2,3106
01-Oct-2025,13,28,31,39,51,59,27,L1,Lotto2,3107
04-Oct-2025,6,8,12,33,49,59,42,L1,Lotto2,3108
08-Oct-2025,2,21,42,48,56,57,51,L5,Lotto2,3109
11-Oct-2025,11,17,25,31,51,54,53,,,3110
15-Oct-2025,29,33,36,38,48,58,52,L6,Lotto2,3111
18-Oct-2025,6,39,43,52,58,59,19,L6,Lotto2,3112
22-Oct-2025,3,24,26,34,35,36,9,L9,Lotto1,3113
25-Oct-2025,4,9,28,40,42,59,55,L9,Lotto1,3114
29-Oct-2025,9,24,30,33,35,54,32,L10,Lotto2,3115
01-Nov-2025,17,18,31,36,39,51,29,L10,Lotto2,3116
05-Nov-2025,2,15,20,42,43,59,16,L9,Lotto2,3117
08-Nov-2025,2,3,42,45,46,47,44,L9,Lotto2,3118
12-Nov-2025,9,17,31,34,54,57,7,L6,Lotto2,3119
15-Nov-2025,9,11,27,44,48,52,25,L6,Lotto2,3120
19-Nov-2025,15,18,36,50,51,57,10,L9,Lotto2,3121
22-Nov-2025,9,11,14,43,49,59,35,L9,Lotto2,3122
26-Nov-2025,10,21,49,54,55,56,40,L10,Lotto2,3123
29-Nov-2025,2,6,9,16,38,48,46,L10,Lotto2,3124
03-Dec-2025,6,13,19,48,57,58,1,L5,Lotto2,3125
06-Dec-2025,5,7,10,17,32,42,40,L5,Lotto2,3126
10-Dec-2025,4,9,26,35,42,46,38,L6,Lotto2,3127
13-Dec-2025,18,22,24,41,53,56,59,L6,Lotto2,3128
17-Dec-2025,15,20,43,50,51,58,36,L9,Lotto2,3129
20-Dec-2025,2,25,27,34,45,52,47,L9,Lotto2,3130
24-Dec-2025,12,15,16,35,38,48,49,L10,Lotto2,3131
27-Dec-2025,20,36,40,43,51,55,21,L10,Lotto2,3132
31-Dec-2025,3,20,27,29,38,46,14,L5,Lotto2,3133
03-Jan-2026,6,20,34,38,47,48,4,L5,Lotto2,3134
07-Jan-2026,3,9,20,33,45,50,12,L1,Arthur,3135
10-Jan-2026,5,6,13,18,22,53,9,L1,Arthur,3136
14-Jan-2026,2,5,22,35,44,54,23,L9,Lotto2,3137
17-Jan-2026,12,26,30,32,39,58,4,L9,Lotto2,3138
21-Jan-2026,5,24,28,46,49,56,19,L10,Lotto2,3139
24-Jan-2026,1,4,8,23,34,57,29,L10,Lotto2,3140
28-Jan-2026,33,45,50,52,58,59,15,L5,Lotto2,3141
31-Jan-2026,7,8,17,25,37,40,11,L5,Lotto2,3142
04-Feb-2026,1,2,19,29,51,57,5,L6,Lotto2,3143
07-Feb-2026,7,25,27,46,52,59,40,L6,Lotto2,3144
11-Feb-2026,5,11,28,30,47,53,52,L9,Lotto2,3145
14-Feb-2026,10,13,27,50,54,56,14,L9,Lotto2,3146
18-Feb-2026,1,11,12,13,18,49,33,L10,Lotto4,3147
21-Feb-2026,2,14,24,33,37,40,19,L10,Lotto4,3148
25-Feb-2026,31,34,36,41,54,57,27,L5,Lotto4,3149
28-Feb-2026,12,15,22,28,31,32,23,L5,Lotto4,3150
04-Mar-2026,20,33,43,46,50,56,45,L6,Lotto5,3151
07-Mar-2026,9,37,39,40,47,51,19,L6,Lotto5,3152
11-Mar-2026,2,3,18,25,40,54,14,L9,Lotto5,3153
14-Mar-2026,10,30,36,44,45,58,59,L9,Lotto5,3154
18-Mar-2026,14,16,18,22,47,56,54,L5,Lotto4,3155
21-Mar-2026,5,10,18,28,34,53,46,L5,Lotto4,3156
